Title,Price,Date
Geek Dawn Men's Regular T-Shirt,549.00,2022-01-29
Geek Dawn Men's Regular T-Shirt,549.00,2022-01-29
"
                   Geek Dawn Men's Regular T-Shirt
                  ",549.00,2022-01-29
"
                   Geek Dawn Men's Regular T-Shirt
                  ",549.00,2022-01-29
"
                   Geek Dawn Men's Regular T-Shirt
                  ",549.00,2022-01-29
"
                   Geek Dawn Men's Regular T-Shirt
                  ",549.00,2022-01-29
"
                   Geek Dawn Men's Regular T-Shirt
                  ",549.00,2022-01-29
"
                   Geek Dawn Men's Regular T-Shirt
                  ",549.00,2022-01-29
"
                   Geek Dawn Men's Regular T-Shirt
                  ",549.00,2022-01-29
"
                   Geek Dawn Men's Regular T-Shirt
                  ",549.00,2022-01-29
"
                   Geek Dawn Men's Regular T-Shirt
                  ",549.00,2022-01-29
"
                   Geek Dawn Men's Regular T-Shirt
                  ",549.00,2022-01-29
"
                   Geek Dawn Men's Regular T-Shirt
                  ",549.00,2022-01-29
"
                   Geek Dawn Men's Regular T-Shirt
                  ",549.00,2022-01-29
"
                   Geek Dawn Men's Regular T-Shirt
                  ",549.00,2022-01-29
"
                   Geek Dawn Men's Regular T-Shirt
                  ",549.00,2022-01-29
"
                   Geek Dawn Men's Regular T-Shirt
                  ",549.00,2022-01-29
"
                   Geek Dawn Men's Regular T-Shirt
                  ",549.00,2022-01-29
"
                   Geek Dawn Men's Regular T-Shirt
                  ",549.00,2022-01-29
"
                   Geek Dawn Men's Regular T-Shirt
                  ",549.00,2022-01-29
"
                   Geek Dawn Men's Regular T-Shirt
                  ",549.00,2022-01-29
"
                   Geek Dawn Men's Regular T-Shirt
                  ",549.00,2022-01-29
